,0
0,#bitcoin
1,#1
2,#iota
3,#btcusd
4,#cryptocurrencies
5,#blockchain
6,#binancesmartchain
7,#digibyte
8,#laserrayuntil100k
9,#gold
10,#ath
11,#btfd
12,#monero
13,#nftcollector
14,#airdrop
15,#shiba
16,#cryptos
17,#exchange
18,#web3
19,#indiawantscrypto
20,#ama
21,#telcoin
22,#lightning
23,#sxp
24,#cryptotrading
25,#shibarmy
26,#hodling
27,#sondakika
28,#ecb
29,#chsb
30,#仮想通貨
31,#safemooncommunity
32,#gt
33,#dgb
34,#energy
35,#digitalart
36,#wink
37,#günaydın
38,#elon
39,#reddit
40,#paypal
41,#bitcoinmining
42,#pantamiresignnow
43,#pantamiwillstay
44,#dapps
45,#app
46,#nftgiveaway
